{"Fid":"e1ic_eZTTF-c391WTwNwA3","Status":3,"AuthToken":"eyJhbGciOiJFUzI1NiIsInR5cCI6IkpXVCJ9.eyJhcHBJZCI6IjE6ODUwMjIwMDM3MDgxOmFuZHJvaWQ6YjgyMDdhYzQwNzViNWUxMTI3NWZjOCIsImV4cCI6MTc3MDIwODE4MSwiZmlkIjoiZTFpY19lWlRURi1jMzkxV1R3TndBMyIsInByb2plY3ROdW1iZXIiOjg1MDIyMDAzNzA4MX0.AB2LPV8wRQIgPgn7P0NSwNZUJhEEZRvkrxCvgJVemjMvyloiNrprswECIQCzHG3yqDhjm46Ulr103I_Csn4iKSXW_onJIHdhx85AIw","RefreshToken":"3_AS3qfwLfI6OG7U87T305gN5jWRjlXBdel-RN8x48AJesI-DRlnQ-tRTvBk9ZPkL3Z6Fl5NuUGDOwByaChVXZvKqfCF-rmOS18uyZuENC8_str4g","TokenCreationEpochInSecs":1769603380,"ExpiresInSecs":604800}