{"Fid":"c9RrIKtGQmWKiBepS5C5kp","Status":3,"AuthToken":"eyJhbGciOiJFUzI1NiIsInR5cCI6IkpXVCJ9.eyJhcHBJZCI6IjE6ODUwMjIwMDM3MDgxOmFuZHJvaWQ6YjgyMDdhYzQwNzViNWUxMTI3NWZjOCIsImV4cCI6MTc2ODQ3Mzg4NCwiZmlkIjoiYzlScklLdEdRbVdLaUJlcFM1QzVrcCIsInByb2plY3ROdW1iZXIiOjg1MDIyMDAzNzA4MX0.AB2LPV8wRAIgMxH-kmbJcBC712SkM74NC81d4eDv7gcfH5Hj0OrwEHACIEgIT7LCEbx4st8mYrG5OAro6d1C2WaClju7Wfp3_wTM","RefreshToken":"3_AS3qfwLisAqbQ7ottz7p-Tu84AVDK9gvmdDe_7j0rDFb1uqZRw3ZFJEf7_yvz4tw1UwQxDmJaF80yRkdXN2WE5_Uwe_njAiZXkIEtipQKk-7e5Y","TokenCreationEpochInSecs":1767869083,"ExpiresInSecs":604800}