{"Fid":"fEm0n6OIQkWTcHjPnYluR-","Status":3,"AuthToken":"eyJhbGciOiJFUzI1NiIsInR5cCI6IkpXVCJ9.eyJhcHBJZCI6IjE6ODUwMjIwMDM3MDgxOmFuZHJvaWQ6YjgyMDdhYzQwNzViNWUxMTI3NWZjOCIsImV4cCI6MTc2OTg3MTQzNiwiZmlkIjoiZkVtMG42T0lRa1dUY0hqUG5ZbHVSLSIsInByb2plY3ROdW1iZXIiOjg1MDIyMDAzNzA4MX0.AB2LPV8wRgIhAIrBW4_vU4iS9NIKD_wPiO0tWcdf5DvldSX9NCgmdgHSAiEAvROKvh51fysl1lh8h-TbedN7D-5rJhG108mfFKuCtMc","RefreshToken":"3_AS3qfwL8H4LsJOOy2o8IqK-6sUhZca_sfPPmYu212Mgdk1SP7-bCEoKFPTJKpoE_zAK-PLuqdNuevJRT24Bzi7rYg2ErfQWCshFF7aKm1lTtAQ","TokenCreationEpochInSecs":1769266636,"ExpiresInSecs":604800}