{"Fid":"f_Tmr1E1RRG-eqSJULSHTo","Status":3,"AuthToken":"eyJhbGciOiJFUzI1NiIsInR5cCI6IkpXVCJ9.eyJhcHBJZCI6IjE6ODUwMjIwMDM3MDgxOmFuZHJvaWQ6YjgyMDdhYzQwNzViNWUxMTI3NWZjOCIsImV4cCI6MTc3MDAwNzU4MSwiZmlkIjoiZl9UbXIxRTFSUkctZXFTSlVMU0hUbyIsInByb2plY3ROdW1iZXIiOjg1MDIyMDAzNzA4MX0.AB2LPV8wRgIhAKrac2Q-BgVs79mWVHYEkilMY8iJlSbyMDxC8d2slZ4sAiEAot9Hvzpb6-grYNi_YWO2wrMjfH0PAShgOOH6U_xAIpQ","RefreshToken":"3_AS3qfwLSnVlDLdg5Po9XEP91pEP3uV9t80r1_i3F25K2EVOXZXMSX3YtTCNTun-jUppfCzocxbIbbE93gb_VuNCTvKMxCNzT7XjFEISfEPdZZfw","TokenCreationEpochInSecs":1769402782,"ExpiresInSecs":604800}