<?xml version='1.0' encoding='utf-8' standalone='yes' ?>
<map>
    <long name="com.rzmod.Raj.classes.cloneTimestamp" value="1769266767659" />
    <long name="com.facebook.appevents.SessionInfo.sessionStartTime" value="1769266807344" />
    <long name="com.facebook.appevents.SessionInfo.sessionEndTime" value="1769266812194" />
    <boolean name="bg_startup_tracing" value="false" />
    <int name="com.facebook.appevents.SessionInfo.interruptionCount" value="1" />
    <int name="com.rzmod.Raj.classes.originalInstallVersionCode" value="5040900" />
    <string name="com.facebook.appevents.SessionInfo.sessionId">59d30113-29e9-4aa8-9251-a52e246d7a8b</string>
</map>
