<?xml version='1.0' encoding='utf-8' standalone='yes' ?>
<map>
    <boolean name="bg_startup_tracing" value="false" />
    <int name="teri.maa.ki.kali.choot.bhen.k.loode.classes.originalInstallVersionCode" value="5040201" />
    <long name="com.facebook.appevents.SessionInfo.sessionStartTime" value="1769329470428" />
    <long name="com.facebook.appevents.SessionInfo.sessionEndTime" value="1769329576007" />
    <int name="com.facebook.appevents.SessionInfo.interruptionCount" value="4" />
    <long name="teri.maa.ki.kali.choot.bhen.k.loode.classes.cloneTimestamp" value="1763396660991" />
    <string name="com.facebook.appevents.SessionInfo.sessionId">2d667733-7c67-404e-8872-778130e7d1ca</string>
</map>
