<?xml version='1.0' encoding='utf-8' standalone='yes' ?>
<map>
    <boolean name="measurement_enabled_from_api" value="true" />
    <long name="first_open_time" value="1767869082382" />
    <string name="gmp_app_id">1:850220037081:android:b8207ac4075b5e11275fc8</string>
    <boolean name="measurement_enabled" value="true" />
    <string name="app_instance_id">e7a56b7a671237eae71e8e7d03fe2b5d</string>
    <boolean name="has_been_opened" value="true" />
    <boolean name="app_backgrounded" value="true" />
    <boolean name="allow_remote_dynamite" value="true" />
    <long name="health_monitor:start" value="1767869082699" />
    <boolean name="use_service" value="true" />
    <boolean name="start_new_session" value="true" />
</map>
