<?xml version='1.0' encoding='utf-8' standalone='yes' ?>
<map>
    <long name="com.google.firebase.perf.NetworkRequestSamplingRate" value="4573181066846221675" />
    <boolean name="com.google.firebase.perf.ExperimentTTID" value="true" />
    <long name="com.google.firebase.perf.FragmentSamplingRate" value="4591870180066957722" />
    <boolean name="com.google.firebase.perf.SdkEnabled" value="true" />
    <long name="com.google.firebase.perf.TraceSamplingRate" value="4607182418800017408" />
    <string name="com.google.firebase.perf.SdkDisabledVersions"></string>
    <long name="com.google.firebase.perf.SessionSamplingRate" value="4559151629342529861" />
</map>
