<?xml version='1.0' encoding='utf-8' standalone='yes' ?>
<map>
    <long name="fire-count" value="1" />
    <string name="last-used-date">2026-02-04</string>
    <set name="android-installer/android fire-installations/18.0.0 fire-auth/23.2.0 kotlin/2.2.0 fire-rc/22.1.0 android-min-sdk/23 fire-dl/22.1.0 device-brand/realme fire-android/29 fire-abt/21.1.1 fire-core/21.0.0 fire-core-ktx/21.0.0 fire-perf/21.0.4 fire-analytics/22.3.0 android-platform/ fire-fcm/24.1.0 device-name/RMX3660 android-target-sdk/35 fire-transport/19.0.0 fire-sessions/2.0.9 fire-cls/19.4.1 device-model/RE588BL1">
        <string>2026-02-04</string>
    </set>
    <long name="fire-global" value="1770219849562" />
</map>
