<?xml version='1.0' encoding='utf-8' standalone='yes' ?>
<map>
    <set name="device-name/V2513i device-brand/vivo fire-installations/18.0.0 kotlin/2.2.0 fire-rc/22.1.0 fire-auth/23.2.0 android-min-sdk/23 fire-dl/22.1.0 fire-abt/21.1.1 fire-android/35 fire-core/21.0.0 fire-core-ktx/21.0.0 android-installer/com.google.android.packageinstaller fire-perf/21.0.4 fire-analytics/22.3.0 android-platform/ fire-fcm/24.1.0 android-target-sdk/27 device-model/V2513 fire-sessions/2.0.9 fire-transport/19.0.0 fire-cls/19.4.1">
        <string>2026-01-09</string>
    </set>
    <long name="fire-count" value="1" />
    <string name="last-used-date">2026-01-09</string>
    <long name="fire-global" value="1767967127466" />
</map>
